{
  "hash": "28711983",
  "configHash": "8d8dafe0",
  "lockfileHash": "1eea9861",
  "browserHash": "58aedfc8",
  "optimized": {
    "@angular/common": {
      "src": "../../../../../node_modules/@angular/common/fesm2022/common.mjs",
      "file": "@angular_common.js",
      "fileHash": "a6c1f4f0",
      "needsInterop": false
    },
    "@angular/core": {
      "src": "../../../../../node_modules/@angular/core/fesm2022/core.mjs",
      "file": "@angular_core.js",
      "fileHash": "a85ad12f",
      "needsInterop": false
    },
    "@angular/material/button": {
      "src": "../../../../../node_modules/@angular/material/fesm2022/button.mjs",
      "file": "@angular_material_button.js",
      "fileHash": "41b07307",
      "needsInterop": false
    },
    "@angular/material/card": {
      "src": "../../../../../node_modules/@angular/material/fesm2022/card.mjs",
      "file": "@angular_material_card.js",
      "fileHash": "b648fba8",
      "needsInterop": false
    },
    "@angular/material/form-field": {
      "src": "../../../../../node_modules/@angular/material/fesm2022/form-field.mjs",
      "file": "@angular_material_form-field.js",
      "fileHash": "e1a96dac",
      "needsInterop": false
    },
    "@angular/material/icon": {
      "src": "../../../../../node_modules/@angular/material/fesm2022/icon.mjs",
      "file": "@angular_material_icon.js",
      "fileHash": "d8ecfc7d",
      "needsInterop": false
    },
    "@angular/material/input": {
      "src": "../../../../../node_modules/@angular/material/fesm2022/input.mjs",
      "file": "@angular_material_input.js",
      "fileHash": "b2343fc9",
      "needsInterop": false
    },
    "@angular/material/list": {
      "src": "../../../../../node_modules/@angular/material/fesm2022/list.mjs",
      "file": "@angular_material_list.js",
      "fileHash": "e2f05c28",
      "needsInterop": false
    },
    "@angular/material/sidenav": {
      "src": "../../../../../node_modules/@angular/material/fesm2022/sidenav.mjs",
      "file": "@angular_material_sidenav.js",
      "fileHash": "9a30a5ee",
      "needsInterop": false
    },
    "@angular/material/toolbar": {
      "src": "../../../../../node_modules/@angular/material/fesm2022/toolbar.mjs",
      "file": "@angular_material_toolbar.js",
      "fileHash": "b074f51e",
      "needsInterop": false
    },
    "@angular/platform-browser": {
      "src": "../../../../../node_modules/@angular/platform-browser/fesm2022/platform-browser.mjs",
      "file": "@angular_platform-browser.js",
      "fileHash": "632aa13a",
      "needsInterop": false
    },
    "@angular/platform-browser/animations/async": {
      "src": "../../../../../node_modules/@angular/platform-browser/fesm2022/animations/async.mjs",
      "file": "@angular_platform-browser_animations_async.js",
      "fileHash": "860e5fec",
      "needsInterop": false
    },
    "@angular/router": {
      "src": "../../../../../node_modules/@angular/router/fesm2022/router.mjs",
      "file": "@angular_router.js",
      "fileHash": "24ab061e",
      "needsInterop": false
    },
    "@ng-bootstrap/ng-bootstrap": {
      "src": "../../../../../node_modules/@ng-bootstrap/ng-bootstrap/fesm2022/ng-bootstrap.mjs",
      "file": "@ng-bootstrap_ng-bootstrap.js",
      "fileHash": "cdb84aaf",
      "needsInterop": false
    }
  },
  "chunks": {
    "browser-TNEZAXDM": {
      "file": "browser-TNEZAXDM.js"
    },
    "chunk-HIKXPLTO": {
      "file": "chunk-HIKXPLTO.js"
    },
    "chunk-T5O3E6OB": {
      "file": "chunk-T5O3E6OB.js"
    },
    "chunk-SOBTYVGD": {
      "file": "chunk-SOBTYVGD.js"
    },
    "chunk-ICNVX4Z3": {
      "file": "chunk-ICNVX4Z3.js"
    },
    "chunk-UATJUZ23": {
      "file": "chunk-UATJUZ23.js"
    },
    "chunk-XNFRMTVK": {
      "file": "chunk-XNFRMTVK.js"
    },
    "chunk-ZO3FIYZ4": {
      "file": "chunk-ZO3FIYZ4.js"
    },
    "chunk-EUOAUC4M": {
      "file": "chunk-EUOAUC4M.js"
    }
  }
}